Campaign,Negative Keyword,Match Type,Level
US - JFK - Urgent Vietnam Visa,free,Broad,Campaign
US - JFK - Urgent Vietnam Visa,embassy,Broad,Campaign
US - JFK - Urgent Vietnam Visa,consulate,Broad,Campaign
US - JFK - Urgent Vietnam Visa,job,Broad,Campaign
US - JFK - Urgent Vietnam Visa,work visa,Broad,Campaign
US - JFK - Urgent Vietnam Visa,student,Broad,Campaign
US - JFK - Urgent Vietnam Visa,permanent,Broad,Campaign
US - JFK - Urgent Vietnam Visa,immigration,Broad,Campaign
US - JFK - Urgent Vietnam Visa,requirements,Broad,Campaign
US - JFK - Urgent Vietnam Visa,how to apply,Broad,Campaign
US - JFK - Urgent Vietnam Visa,pdf,Broad,Campaign
US - JFK - Urgent Vietnam Visa,sample,Broad,Campaign
US - JFK - Urgent Vietnam Visa,news,Broad,Campaign
